<?xml version="1.0" encoding="UTF-8"?>
<games>
    <game>
        <id>0</id>
        <name>Spider-Man</name>
        <year>2018</year>
        <rating>9.2</rating>
        <plot>When a new villain threatens New York City, Peter Parker and Spider-Man&apos;s worlds
            collide. To save the city and those he loves, he must rise up and be greater.</plot>
        <url>https://www.imdb.com/title/tt5807780/?ref_=adv_li_tt</url>
    </game>
    <game>
        <id>1</id>
        <name>Red Dead Redemption II</name>
        <year>2018</year>
        <rating>9.7</rating>
        <plot>Amidst the decline of the Wild West at the turn of the 20th century, outlaw Arthur
            Morgan and his gang struggle to cope with the loss of their way of life.</plot>
        <url>https://www.imdb.com/title/tt6161168/?ref_=adv_li_tt</url>
    </game>
    <game>
        <id>2</id>
        <name>God of War</name>
        <year>2018</year>
        <rating>9.6</rating>
        <plot>After wiping out the gods of Mount Olympus, Kratos moves on to the frigid lands of
            Scandinavia, where he and his son must embark on an odyssey across a dangerous world of
            gods and monsters.</plot>
        <url>https://www.imdb.com/title/tt5838588/?ref_=adv_li_tt</url>
    </game>
    <game>
        <id>3</id>
        <name>Uncharted 4: A Thief&apos;s End</name>
        <year>2016</year>
        <rating>9.5</rating>
        <plot>Thrown back into the dangerous underworld he&apos;d tried to leave behind, Nathan
            Drake must decide what he&apos;s willing to sacrifice to save the ones he loves.</plot>
        <url>https://www.imdb.com/title/tt3334704/?ref_=adv_li_tt</url>
    </game>
    <game>
        <id>4</id>
        <name>The Last of Us: Part II</name>
        <year>2020</year>
        <rating>8.5</rating>
        <plot>Five years after the events of The Last of Us, Ellie embarks on another journey
            through a post-apocalyptic America on a mission of vengeance against a mysterious
            militia.</plot>
        <url>https://www.imdb.com/title/tt6298000/?ref_=adv_li_tt</url>
    </game>
    <game>
        <id>5</id>
        <name>Horizon Forbidden West</name>
        <year>2022</year>
        <rating>9.2</rating>
        <plot>Aloy treks into an arcane region and faces new hostile enemies and threats in search
            of a way to heal the world from a deadly blight and catastrophic storms.</plot>
        <url>https://www.imdb.com/title/tt12496904/?ref_=adv_li_tt</url>
    </game>
    <game>
        <id>6</id>
        <name>Detroit: Become Human</name>
        <year>2018</year>
        <rating>9.2</rating>
        <plot>Take control of three androids in their quest to discover who they really are.</plot>
        <url>https://www.imdb.com/title/tt5158314/?ref_=adv_li_tt</url>
    </game>
    <game>
        <id>7</id>
        <name>Death Stranding</name>
        <year>2019</year>
        <rating>8.8</rating>
        <plot>Deliveryman Sam Porter must travel across a ravaged wasteland and reconnect the city
            states of America formed after a mysterious apocalyptic event dubbed &apos;death
            stranding&apos; left the world in ruins and plagued by supernatural tar creatures.</plot>
        <url>https://www.imdb.com/title/tt5807606/?ref_=adv_li_tt</url>
    </game>
    <game>
        <id>8</id>
        <name>Ghost of Tsushima</name>
        <year>2020</year>
        <rating>9.3</rating>
        <plot>Set in 1274 on the Tsushima Island, the last samurai, Jin Sakai, must master a new
            fighting style, the way of the Ghost, to defeat the Mongol forces and fight for the
            freedom and independence of Japan.</plot>
        <url>https://www.imdb.com/title/tt7651352/?ref_=adv_li_tt</url>
    </game>
    <game>
        <id>9</id>
        <name>Spider-Man: Miles Morales</name>
        <year>2020</year>
        <rating>8.5</rating>
        <plot>In this sequel of Marvel&apos;s Spider-Man (2018), you can play as Miles Morales as a
            new and different Spider-Man while he learns some stories about his will of fighting
            crime and serving justice by his mentor and former hero, Peter Parker.</plot>
        <url>https://www.imdb.com/title/tt12496734/?ref_=adv_li_tt</url>
    </game>
    <game>
        <id>10</id>
        <name>Cyberpunk 2077</name>
        <year>2020</year>
        <rating>8.0</rating>
        <plot>In Night City, a mercenary known as V navigates a dystopian society in which the line
            between humanity and technology becomes blurred.</plot>
        <url>https://www.imdb.com/title/tt3810192/?ref_=adv_li_tt</url>
    </game>
    <game>
        <id>11</id>
        <name>Batman: Arkham Knight</name>
        <year>2015</year>
        <rating>9.0</rating>
        <plot>With his back against the wall, Batman turns to his closest allies to help him save
            Gotham City from the clutches of Scarecrow and the Arkham Knight&apos;s army. A familiar
            face also returns to give The Dark Knight a message he cannot ignore.</plot>
        <url>https://www.imdb.com/title/tt3554580/?ref_=adv_li_tt</url>
    </game>
    <game>
        <id>12</id>
        <name>Far Cry 6</name>
        <year>2021</year>
        <rating>7.6</rating>
        <plot>As dictator of Yara, Anton Castillo is intent on restoring his nation back to its
            former glory by any means, with his son, Diego, following in his bloody footsteps.</plot>
        <url>https://www.imdb.com/title/tt12693278/?ref_=adv_li_tt</url>
    </game>
    <game>
        <id>13</id>
        <name>MultiVersus</name>
        <year>2022</year>
        <rating>7.8</rating>
        <plot>A crossover fighting game featuring many different Warner Bros properties.</plot>
        <url>https://www.imdb.com/title/tt16150204/?ref_=adv_li_tt</url>
    </game>
    <game>
        <id>14</id>
        <name>Star Wars Jedi: Fallen Order</name>
        <year>2019</year>
        <rating>8.5</rating>
        <plot>Set shortly after Revenge of the Sith, the player takes on the role of a Jedi padawan
            being hunted by the Empire after Order 66.</plot>
        <url>https://www.imdb.com/title/tt5691474/?ref_=adv_li_tt</url>
    </game>
    <game>
        <id>15</id>
        <name>Elden Ring</name>
        <year>2022</year>
        <rating>9.5</rating>
        <plot>In a dark fantasy world created by Hidetaka Miyazaki (Dark Souls) and George R. R.
            Martin (A Song of Ice and Fire), the player is a Tarnished who is called back to the
            Lands Between to restore the Elden Ring and become the Elden Lord.</plot>
        <url>https://www.imdb.com/title/tt10562854/?ref_=adv_li_tt</url>
    </game>
    <game>
        <id>16</id>
        <name>Xenoblade Chronicles 3</name>
        <year>2022</year>
        <rating>9.0</rating>
        <plot>In the world of Aionios, two nations are locked in conflict: Keves, a technological
            powerhouse and Agnus, a magic-based society. Six soldiers hailing from these nations,
            will take part in a grand tale with life as its central theme.</plot>
        <url>https://www.imdb.com/title/tt18115292/?ref_=adv_li_tt</url>
    </game>
    <game>
        <id>17</id>
        <name>Uncharted: The Nathan Drake Collection</name>
        <year>2015</year>
        <rating>9.4</rating>
        <plot>A remastered collection of Uncharted: Drake&apos;s Fortune (2007), Uncharted 2: Among
            Thieves (2009), and Uncharted 3: Drake&apos;s Deception (2011) for PlayStation 4.</plot>
        <url>https://www.imdb.com/title/tt5766946/?ref_=adv_li_tt</url>
    </game>
    <game>
        <id>18</id>
        <name>Assassin&apos;s Creed Valhalla</name>
        <year>2020</year>
        <rating>8.1</rating>
        <plot>England in the age of the Vikings is a fractured nation of petty lords and warring
            kingdoms. Beneath the chaos lies a rich and untamed land waiting for a new conqueror.
            Will it be you?</plot>
        <url>https://www.imdb.com/title/tt12235026/?ref_=adv_li_tt</url>
    </game>
    <game>
        <id>19</id>
        <name>Marvel&apos;s Guardians of the Galaxy</name>
        <year>2021</year>
        <rating>8.7</rating>
        <plot>After an epic conflict known as the Galactic War swept through the cosmos. Star-Lord
            recently formed the Guardians of the Galaxy, they&apos;ve been together for less than a
            year.</plot>
        <url>https://www.imdb.com/title/tt14844718/?ref_=adv_li_tt</url>
    </game>
    <game>
        <id>20</id>
        <name>The Witcher 3: Wild Hunt</name>
        <year>2015</year>
        <rating>9.7</rating>
        <plot>A monster hunter for hire embarks on an epic journey to find his former apprentice
            before The Wild Hunt can capture her and bring about the destruction of the world.</plot>
        <url>https://www.imdb.com/title/tt2993508/?ref_=adv_li_tt</url>
    </game>
    <game>
        <id>21</id>
        <name>Horizon Zero Dawn</name>
        <year>2017</year>
        <rating>9.0</rating>
        <plot>In a primitive tribal world where strange, monstrous, animalistic machines roam the
            wilderness, a brave young female warrior goes on a quest to learn the truth about her
            mysterious origin and the state the world is in.</plot>
        <url>https://www.imdb.com/title/tt4044024/?ref_=adv_li_tt</url>
    </game>
    <game>
        <id>22</id>
        <name>Call of Duty: Modern Warfare</name>
        <year>2019</year>
        <rating>8.4</rating>
        <plot>Captain Price and the SAS partner with the CIA and the Urzikstani Liberation Force to
            retrieve stolen chemical weapons. The fight takes you from London to the Middle East and
            beyond, as this joint task force battles to stop a global war.</plot>
        <url>https://www.imdb.com/title/tt10417512/?ref_=adv_li_tt</url>
    </game>
    <game>
        <id>23</id>
        <name>Final Fantasy VII Remake</name>
        <year>2020</year>
        <rating>9.0</rating>
        <plot>Re-imagining of Final Fantasy VII (1997). A former soldier joins an eco-terrorist
            group in a mission against the electric power company he used to work for in order to
            protect the planet and all who reside on it.</plot>
        <url>https://www.imdb.com/title/tt6057416/?ref_=adv_li_tt</url>
    </game>
    <game>
        <id>24</id>
        <name>Genshin Impact</name>
        <year>2020</year>
        <rating>7.9</rating>
        <plot>Each nation is associated with an element and worships a god associated with that
            element. A pair of twins arrive on Teyvat in the distant past, but are barred from
            leaving by an unknown god.</plot>
        <url>https://www.imdb.com/title/tt11585486/?ref_=adv_li_tt</url>
    </game>
    <game>
        <id>25</id>
        <name>Fallout 4</name>
        <year>2015</year>
        <rating>8.6</rating>
        <plot>In the post-apocalyptic Boston, Massachusetts area, you play as the &quot;Sole
            Survior&quot; of Vault 111, recently revived from centuries of forced cryostasis,
            determined to find your kidnapped son.</plot>
        <url>https://www.imdb.com/title/tt4741306/?ref_=adv_li_tt</url>
    </game>
    <game>
        <id>26</id>
        <name>Yakuza: Like a Dragon</name>
        <year>2020</year>
        <rating>8.7</rating>
        <plot>Ichiban Kasuga, a low-level Yakuza member looking to prove his self-worth, and follows
            him and his motley crew of unlikely allies as they attempt to rise from rags to riches
            in this modern human drama.</plot>
        <url>https://www.imdb.com/title/tt11121754/?ref_=adv_li_tt</url>
    </game>
    <game>
        <id>27</id>
        <name>Days Gone</name>
        <year>2019</year>
        <rating>8.3</rating>
        <plot>Two years after a devastating global pandemic, bounty hunter Deacon St. John faces a
            brutal struggle for survival, and a reason to live.</plot>
        <url>https://www.imdb.com/title/tt6795336/?ref_=adv_li_tt</url>
    </game>
    <game>
        <id>28</id>
        <name>Tiny Tina&apos;s Wonderlands</name>
        <year>2022</year>
        <rating>8.2</rating>
        <plot>Embark on an epic adventure full of whimsy, wonder, and high-powered weaponry.
            Bullets, magic, and broadswords collide across this chaotic fantasy world brought to
            life by the unpredictable Tiny Tina.</plot>
        <url>https://www.imdb.com/title/tt14831458/?ref_=adv_li_tt</url>
    </game>
    <game>
        <id>29</id>
        <name>Saints Row</name>
        <year>2022</year>
        <rating>4.3</rating>
        <plot>An international private military corporation based in Santo Ileso that provides
            security for the city.</plot>
        <url>https://www.imdb.com/title/tt10925300/?ref_=adv_li_tt</url>
    </game>
    <game>
        <id>30</id>
        <name>Marvel&apos;s Avengers</name>
        <year>2020</year>
        <rating>6.3</rating>
        <plot>A catastrophic accident results in massive devastation. Blamed for the tragedy, the
            Avengers disband. Five years later, with all super heroes outlawed and the world in
            peril, the only hope is to reassemble Earth&apos;s Mightiest Heroes.</plot>
        <url>https://www.imdb.com/title/tt6468680/?ref_=adv_li_tt</url>
    </game>
    <game>
        <id>31</id>
        <name>Assassin&apos;s Creed: Odyssey</name>
        <year>2018</year>
        <rating>8.5</rating>
        <plot>Set in 431 BC during the Pelopenesian War, play as either a male or female mercenary
            as you embark on your own epic odyssey to become a legendary Spartan hero in a world
            where every choice matters.</plot>
        <url>https://www.imdb.com/title/tt8545606/?ref_=adv_li_tt</url>
    </game>
    <game>
        <id>32</id>
        <name>Far Cry 5</name>
        <year>2018</year>
        <rating>7.9</rating>
        <plot>A deputy is sent to the town of Hope County to arrest Joseph Seed, a corrupt
            evangelical religious leader who rules the town with the help of his disturbed
            followers.</plot>
        <url>https://www.imdb.com/title/tt6967966/?ref_=adv_li_tt</url>
    </game>
    <game>
        <id>33</id>
        <name>Resident Evil Village</name>
        <year>2021</year>
        <rating>8.7</rating>
        <plot>Ethan Winters&apos; world suddenly comes crashing down when Chris Redfield&apos;s
            appearance sets off a chain of events that ultimately leads him to a mysterious village.</plot>
        <url>https://www.imdb.com/title/tt12497042/?ref_=adv_li_tt</url>
    </game>
    <game>
        <id>34</id>
        <name>Fortnite</name>
        <year>2017</year>
        <rating>4.9</rating>
        <plot>A cooperative shooter-survival game for up to four players to fight off zombie-like
            husks, defend objects with fortifications you can build, and a battle royale mode where
            up to 100 players fight to be the last person standing.</plot>
        <url>https://www.imdb.com/title/tt8020008/?ref_=adv_li_tt</url>
    </game>
    <game>
        <id>35</id>
        <name>The Dark Pictures: House of Ashes</name>
        <year>2021</year>
        <rating>7.7</rating>
        <plot>A group of American marines comes across an underground nest of pure, ancient evil
            while trekking through the Arabian desert.</plot>
        <url>https://www.imdb.com/title/tt13368198/?ref_=adv_li_tt</url>
    </game>
    <game>
        <id>36</id>
        <name>Mortal Kombat 11</name>
        <year>2019</year>
        <rating>7.8</rating>
        <plot>When a time lord starts merging past with the present, versions of heroes from both
            Mortal Kombat timelines must unite to right past wrongs and save the world.</plot>
        <url>https://www.imdb.com/title/tt9398566/?ref_=adv_li_tt</url>
    </game>
    <game>
        <id>37</id>
        <name>Lego Star Wars: The Skywalker Saga</name>
        <year>2022</year>
        <rating>9.0</rating>
        <plot>Play through all nine Star Wars films in a LEGO Game of epic proportions.</plot>
        <url>https://www.imdb.com/title/tt10461542/?ref_=adv_li_tt</url>
    </game>
    <game>
        <id>38</id>
        <name>Uncharted: The Lost Legacy</name>
        <year>2017</year>
        <rating>8.5</rating>
        <plot>Chloe returns in The Lost Legacy on the hunt for an ancient Indian artifact, the
            fabled Tusk of Ganesh. To help uncover the Tusk and keep it out of the hands of a
            ruthless warmonger, she enlists the help of mercenary Nadine Ross.</plot>
        <url>https://www.imdb.com/title/tt6304452/?ref_=adv_li_tt</url>
    </game>
    <game>
        <id>39</id>
        <name>Injustice 2</name>
        <year>2017</year>
        <rating>8.5</rating>
        <plot>Following the end of Superman&apos;s totalitarian reign over the Earth, Batman and his
            allies attempt to piece the world back together only to be faced with a new threat that
            will cause them to do the unthinkable.</plot>
        <url>https://www.imdb.com/title/tt5769154/?ref_=adv_li_tt</url>
    </game>
    <game>
        <id>40</id>
        <name>Predator: Hunting Grounds</name>
        <year>2020</year>
        <rating>6.1</rating>
        <plot>Survive the Predator&apos;s hunt or hunt down a fire-team.</plot>
        <url>https://www.imdb.com/title/tt10437042/?ref_=adv_li_tt</url>
    </game>
    <game>
        <id>41</id>
        <name>Metal Gear Solid V: The Phantom Pain</name>
        <year>2015</year>
        <rating>8.8</rating>
        <plot>After awakening from a nine year coma, Big Boss forms a new mercenary group called,
            Diamond Dogs, and teams up with his former rival, Ocelot, to track down the men
            responsible for the destruction of MSF.</plot>
        <url>https://www.imdb.com/title/tt2370518/?ref_=adv_li_tt</url>
    </game>
    <game>
        <id>42</id>
        <name>Apex Legends</name>
        <year>2019</year>
        <rating>7.4</rating>
        <plot>Master an ever-growing roster of legendary characters with powerful abilities and
            experience strategic squad play and innovative gameplay in the next evolution of Hero
            Shooter and Battle Royale.</plot>
        <url>https://www.imdb.com/title/tt9730966/?ref_=adv_li_tt</url>
    </game>
    <game>
        <id>43</id>
        <name>Ghost Recon: Wildlands</name>
        <year>2017</year>
        <rating>7.6</rating>
        <plot>Bolivia 2019, the Santa Blanca Cartel has gained too much power. &quot;The
            Ghosts&quot; are sent in to get rid of them.</plot>
        <url>https://www.imdb.com/title/tt6528196/?ref_=adv_li_tt</url>
    </game>
    <game>
        <id>44</id>
        <name>Dying Light 2: Stay Human</name>
        <year>2022</year>
        <rating>7.9</rating>
        <plot>Fifteen years after the virus in Harran, the infected world is plunged into a modern
            dark age, where players deal with bandits and factions during the day and the infected
            at night.</plot>
        <url>https://www.imdb.com/title/tt8545514/?ref_=adv_li_tt</url>
    </game>
    <game>
        <id>45</id>
        <name>Kingdom Hearts III</name>
        <year>2019</year>
        <rating>8.2</rating>
        <plot>Believing light and darkness must remain in balance, Master Xehanort seeks to spark
            war against the &quot;tyranny of light&quot; to restore equilibrium.</plot>
        <url>https://www.imdb.com/title/tt2973418/?ref_=adv_li_tt</url>
    </game>
    <game>
        <id>46</id>
        <name>Cuphead</name>
        <year>2017</year>
        <rating>8.6</rating>
        <plot>An anthropomorphic cup embarks on a journey and fights a series of bosses to repay a
            debt to the devil.</plot>
        <url>https://www.imdb.com/title/tt4779924/?ref_=adv_li_tt</url>
    </game>
    <game>
        <id>47</id>
        <name>Poppy Playtime</name>
        <year>2021</year>
        <rating>6.9</rating>
        <plot>In this horror/puzzle adventure, You must survive the vengeful toys waiting for you in
            the abandoned toy factory, Use your GrabPack and Explore the mysterious facility.. and
            don&apos;t get caught.</plot>
        <url>https://www.imdb.com/title/tt15764858/?ref_=adv_li_tt</url>
    </game>
    <game>
        <id>48</id>
        <name>Control</name>
        <year>2019</year>
        <rating>8.1</rating>
        <plot>You are Jesse Faden, a young woman with a troubled past. You become the new Director
            of the Bureau of Control - Our frontline in researching and fighting against
            supernatural enemies like the Hiss threatening our very existence.</plot>
        <url>https://www.imdb.com/title/tt8585800/?ref_=adv_li_tt</url>
    </game>
    <game>
        <id>49</id>
        <name>Assassin&apos;s Creed: Origins</name>
        <year>2017</year>
        <rating>8.5</rating>
        <plot>A prequel to the Assassin&apos;s Creed Franchise set in Egypt from 48 BC where Bayek,
            a Medjay, begins the foundation of the Assassin&apos;s Brotherhood.</plot>
        <url>https://www.imdb.com/title/tt7025920/?ref_=adv_li_tt</url>
    </game>
    <game>
        <id>50</id>
        <name>Mass Effect: Legendary Edition</name>
        <year>2021</year>
        <rating>9.7</rating>
        <plot>A compilation of the first three Mass Effect games.</plot>
        <url>https://www.imdb.com/title/tt14849728/?ref_=adv_li_tt</url>
    </game>
    <game>
        <id>51</id>
        <name>Call of Duty: Vanguard</name>
        <year>2021</year>
        <rating>6.0</rating>
        <plot>Dogfight over the Pacific, airdrop over France, defend Stalingrad with a sniper&apos;s
            precision and blast through advancing forces in North Africa.</plot>
        <url>https://www.imdb.com/title/tt15261812/?ref_=adv_li_tt</url>
    </game>
    <game>
        <id>52</id>
        <name>Destiny 2</name>
        <year>2017</year>
        <rating>7.6</rating>
        <plot>Humanity&apos;s last safe city has fallen to an overwhelming invasion force, led by
            Ghaul, the imposing commander of the brutal Red Legion. He has stripped the city&apos;s
            Guardians of their power, and forced the survivors to flee.</plot>
        <url>https://www.imdb.com/title/tt6721356/?ref_=adv_li_tt</url>
    </game>
    <game>
        <id>53</id>
        <name>Resident Evil VII: Biohazard</name>
        <year>2017</year>
        <rating>8.6</rating>
        <plot>An ordinary man must embark on a search to find his missing wife that leads him to an
            abandoned house where a mysterious family lives who harbor an evil secret within the
            house and themselves.</plot>
        <url>https://www.imdb.com/title/tt3569570/?ref_=adv_li_tt</url>
    </game>
    <game>
        <id>54</id>
        <name>Mafia: Definitive Edition</name>
        <year>2020</year>
        <rating>8.3</rating>
        <plot>The game follows Thomas Angelo where his life as a hard-working taxi driver is forever
            changed after a fateful run-in with the Italian Mafia.</plot>
        <url>https://www.imdb.com/title/tt12354406/?ref_=adv_li_tt</url>
    </game>
    <game>
        <id>55</id>
        <name>Far Cry 4</name>
        <year>2014</year>
        <rating>8.1</rating>
        <plot>To fulfil his mother&apos;s dying wish, Ajay Ghale travels to Kyrat to scatter her
            ashes. Before he can accomplish this, though, he must end a civil war between the Golden
            Path and Min&apos;s forces.</plot>
        <url>https://www.imdb.com/title/tt3742988/?ref_=adv_li_tt</url>
    </game>
    <game>
        <id>56</id>
        <name>Call of Duty: WWII</name>
        <year>2017</year>
        <rating>7.8</rating>
        <plot>You play various American servicemen and their allies in World War II as the Western
            Allies fight their way through Europe during and after the invasion of Normandy.</plot>
        <url>https://www.imdb.com/title/tt6824658/?ref_=adv_li_tt</url>
    </game>
    <game>
        <id>57</id>
        <name>Resident Evil 2</name>
        <year>2019</year>
        <rating>9.1</rating>
        <plot>Re-imagining of Resident Evil 2 (1998), with a third-person over-the-shoulder view,
            new details, rearranged and new areas, no more loading screen doors, new puzzle solving
            opportunities, a gunpowder crafting mechanic and more.</plot>
        <url>https://www.imdb.com/title/tt7826034/?ref_=adv_li_tt</url>
    </game>
    <game>
        <id>58</id>
        <name>Mass Effect: Andromeda</name>
        <year>2017</year>
        <rating>6.9</rating>
        <plot>The Andromeda Initiative sets a course for a new galaxy, hoping to find a new home for
            the species of the Milky Way.</plot>
        <url>https://www.imdb.com/title/tt4876864/?ref_=adv_li_tt</url>
    </game>
    <game>
        <id>59</id>
        <name>Fortnite: Chapter 3</name>
        <year>2021</year>
        <rating>5.9</rating>
        <plot>The Island has flipped. The Foundation is seeking help from the Loopers and Agent
            Jones helps him and The Seven reunite and find Geno.</plot>
        <url>https://www.imdb.com/title/tt16358708/?ref_=adv_li_tt</url>
    </game>
    <game>
        <id>60</id>
        <name>The Legend of Zelda: Breath of the Wild</name>
        <year>2017</year>
        <rating>9.4</rating>
        <plot>After a century of hibernation, Link reawakens to once again save a ruined Hyrule from
            a great evil.</plot>
        <url>https://www.imdb.com/title/tt3253986/?ref_=adv_li_tt</url>
    </game>
    <game>
        <id>61</id>
        <name>Watch Dogs 2</name>
        <year>2016</year>
        <rating>7.6</rating>
        <plot>In San Francisco, hacker Marcus Holloway joins DedSec, to take down a corrupt system
            by fighting and hacking his way through the entire San Francisco Bay.</plot>
        <url>https://www.imdb.com/title/tt5788078/?ref_=adv_li_tt</url>
    </game>
    <game>
        <id>62</id>
        <name>Call of Duty: Black Ops Cold War</name>
        <year>2020</year>
        <rating>7.1</rating>
        <plot>Set during the early 80s of the Cold War, the campaign follows CIA operative Russel
            Adler as he pursues an alleged Soviet spy, whose goal is to subvert the United States
            and tilt the balance of power towards the Soviet Union.</plot>
        <url>https://www.imdb.com/title/tt12929868/?ref_=adv_li_tt</url>
    </game>
    <game>
        <id>63</id>
        <name>Borderlands 3</name>
        <year>2019</year>
        <rating>8.1</rating>
        <plot>In this FPS/RPG, Troy and Tyreen Calypso learn of other Vaults beyond the planet
            Pandora, and form a violent cult named the &quot;Children of the Vault&quot; to gain
            possession of them, while Lilith recruits the &quot;Vault Hunter&quot; to get to them
            first.</plot>
        <url>https://www.imdb.com/title/tt10101078/?ref_=adv_li_tt</url>
    </game>
    <game>
        <id>64</id>
        <name>Evil Dead: The Game</name>
        <year>2022</year>
        <rating>8.5</rating>
        <plot>Step into the shoes of Ash Williams or his friends from the iconic Evil Dead franchise
            and work together in a game loaded with over-the-top co-op and PVP multiplayer action.</plot>
        <url>https://www.imdb.com/title/tt13804506/?ref_=adv_li_tt</url>
    </game>
    <game>
        <id>65</id>
        <name>Halo Infinite</name>
        <year>2021</year>
        <rating>8.3</rating>
        <plot>When all hope is lost and humanity&apos;s fate hangs in the balance, Master Chief is
            ready to confront the most ruthless foe he&apos;s ever faced.</plot>
        <url>https://www.imdb.com/title/tt9437014/?ref_=adv_li_tt</url>
    </game>
    <game>
        <id>66</id>
        <name>Dragon Age: Inquisition</name>
        <year>2014</year>
        <rating>8.6</rating>
        <plot>When the Conclave is destroyed, leaving only one survivor, demons are loosed up on the
            world. In an attempt to restore order and save the world, the survivor--now the
            inquisitor-- instigates the long forgotten inquisition.</plot>
        <url>https://www.imdb.com/title/tt3763912/?ref_=adv_li_tt</url>
    </game>
    <game>
        <id>67</id>
        <name>Tekken 7</name>
        <year>2015</year>
        <rating>7.5</rating>
        <plot>After the events of Tekken 6, though Azazel was destroyed by Jin Kazama, the war
            between the Mishima Zaibatsu and G Corporation continues to ravage the world leading up
            to the final battle between Heihachi Mishima and his son, Kazuya.</plot>
        <url>https://www.imdb.com/title/tt5473860/?ref_=adv_li_tt</url>
    </game>
    <game>
        <id>68</id>
        <name>Mafia III</name>
        <year>2016</year>
        <rating>7.0</rating>
        <plot>After the murder of his surrogate family at the hands of the Italian mafia, Vietnam
            War veteran Lincoln Clay seeks vengeance on those who took away the only thing that
            mattered to him.</plot>
        <url>https://www.imdb.com/title/tt4936406/?ref_=adv_li_tt</url>
    </game>
    <game>
        <id>69</id>
        <name>Rise of the Tomb Raider</name>
        <year>2015</year>
        <rating>8.5</rating>
        <plot>Lara Croft continues her late father&apos;s research, trekking across Siberia in
            search of the answers her father couldn&apos;t find, facing off against an ancient and
            ruthless shadow organisation.</plot>
        <url>https://www.imdb.com/title/tt3791072/?ref_=adv_li_tt</url>
    </game>
    <game>
        <id>70</id>
        <name>A Way Out</name>
        <year>2018</year>
        <rating>8.0</rating>
        <plot>Prison inmates Vincent and Leo initially clash, but after Vincent helps Leo win a
            fight, they warm up to each other and decide to escape together.</plot>
        <url>https://www.imdb.com/title/tt8181422/?ref_=adv_li_tt</url>
    </game>
    <game>
        <id>71</id>
        <name>Dying Light</name>
        <year>2015</year>
        <rating>8.2</rating>
        <plot>First-person action survival game set in a post-apocalyptic open world overrun by
            flesh-hungry zombies. Roam a city devastated by a mysterious virus epidemic. Scavenge
            for supplies, craft weapons, and face hordes of the infected.</plot>
        <url>https://www.imdb.com/title/tt3706490/?ref_=adv_li_tt</url>
    </game>
    <game>
        <id>72</id>
        <name>Lego Dimensions</name>
        <year>2015</year>
        <rating>7.7</rating>
        <plot>When a mysterious and powerful vortex appears in various lego worlds, Batman, Gandalf
            and Wyldstyle bravely jump into the vortex and travel through space and time to rescue
            their friends.</plot>
        <url>https://www.imdb.com/title/tt4656392/?ref_=adv_li_tt</url>
    </game>
    <game>
        <id>73</id>
        <name>Yakuza 0</name>
        <year>2015</year>
        <rating>8.9</rating>
        <plot>Kiryu and Majima, both Yakuza&apos;s who are in different cities in Japan in 1988, as
            the fate of the two characters become intertwined in a gritty, violent, and often
            touching narrative.</plot>
        <url>https://www.imdb.com/title/tt3983144/?ref_=adv_li_tt</url>
    </game>
    <game>
        <id>74</id>
        <name>Devil May Cry 5</name>
        <year>2019</year>
        <rating>8.5</rating>
        <plot>Years have passed since the legions of hell have set foot in this world, but now a new
            demonic invasion has begun, and humanity&apos;s last hope will rest in the hands of
            three lone demon hunters, each offering a radically different play style.</plot>
        <url>https://www.imdb.com/title/tt8651604/?ref_=adv_li_tt</url>
    </game>
    <game>
        <id>75</id>
        <name>Bloodborne</name>
        <year>2015</year>
        <rating>9.2</rating>
        <plot>A hunter awakens in the plagued lands of Yharnam, where the denizens have succumb to
            beast hood, in an attempt to learn the truth and how to end the plague, unbeknownst of
            the true horror lurking within the city.</plot>
        <url>https://www.imdb.com/title/tt3814634/?ref_=adv_li_tt</url>
    </game>
    <game>
        <id>76</id>
        <name>Sekiro: Shadows Die Twice</name>
        <year>2019</year>
        <rating>8.8</rating>
        <plot>Set in a reimagining of 1500s Sengoku era Japan. An unnamed shinobi, tasked with
            protecting a young lord of mystical lineage, who is left for dead when a powerful
            samurai attacks and chops off his arm.</plot>
        <url>https://www.imdb.com/title/tt8558306/?ref_=adv_li_tt</url>
    </game>
    <game>
        <id>77</id>
        <name>Middle-Earth: Shadow of War</name>
        <year>2017</year>
        <rating>8.2</rating>
        <plot>The sequel to the critically acclaimed Middle-Earth: Shadow of Mordor (2014) features
            an original story with the return of Talion and Celebrimbor, who must go behind enemy
            lines to forge an army and turn all of Mordor against the Dark Lord Sauron.</plot>
        <url>https://www.imdb.com/title/tt6579422/?ref_=adv_li_tt</url>
    </game>
    <game>
        <id>78</id>
        <name>Overwatch</name>
        <year>2016</year>
        <rating>8.3</rating>
        <plot>After a devastating war against a combat-ready team of intelligent machines known as
            Omnics, the former agents of the heroic team known as Overwatch must join forces once
            more to fight a new threat.</plot>
        <url>https://www.imdb.com/title/tt4332152/?ref_=adv_li_tt</url>
    </game>
    <game>
        <id>79</id>
        <name>Hitman 3</name>
        <year>2021</year>
        <rating>8.5</rating>
        <plot>Together with Diana Burnwood and Lucas Grey, Agent 47 must face off against The
            Constant and his mysterious colleagues to take down Providence once and for all.</plot>
        <url>https://www.imdb.com/title/tt12497188/?ref_=adv_li_tt</url>
    </game>
    <game>
        <id>80</id>
        <name>Doom</name>
        <year>2016</year>
        <rating>8.5</rating>
        <plot>On Mars, a massive research facility tapping energy from hell has been overwhelmed by
            demonic forces. As the last DOOM Slayer, you have been resurrected to do one thing: to
            cleanse this world and send them back to where they came from.</plot>
        <url>https://www.imdb.com/title/tt1799527/?ref_=adv_li_tt</url>
    </game>
    <game>
        <id>81</id>
        <name>Watch Dogs</name>
        <year>2014</year>
        <rating>7.4</rating>
        <plot>After losing his niece in an assassination attempt, Aiden Pierce, a street-smart
            vigilante, uses hacking apps on his phone to take over a new operating system in Chicago
            to hunt the criminals that killed his niece.</plot>
        <url>https://www.imdb.com/title/tt2190152/?ref_=adv_li_tt</url>
    </game>
    <game>
        <id>82</id>
        <name>Prey</name>
        <year>2017</year>
        <rating>8.1</rating>
        <plot>Morgan Yu is trapped aboard a space station filled with shape-shifting aliens with no
            memory of how he got there. Guided by a mysterious stranger and his former self, he must
            set the station&apos;s self-destruct before the aliens reach Earth.</plot>
        <url>https://www.imdb.com/title/tt6528212/?ref_=adv_li_tt</url>
    </game>
    <game>
        <id>83</id>
        <name>Star Wars: Battlefront II</name>
        <year>2017</year>
        <rating>7.1</rating>
        <plot>A game based on the Star Wars Universe, taking place across multiple eras of the
            franchise.</plot>
        <url>https://www.imdb.com/title/tt5710996/?ref_=adv_li_tt</url>
    </game>
    <game>
        <id>84</id>
        <name>Destiny 2: The Witch Queen</name>
        <year>2022</year>
        <rating>8.4</rating>
        <plot>Take back the light from Savathûn in an all-new story.</plot>
        <url>https://www.imdb.com/title/tt18311442/?ref_=adv_li_tt</url>
    </game>
    <game>
        <id>85</id>
        <name>DC League of Super-Pets: The Adventures of Krypto and Ace</name>
        <year>2022</year>
        <rating>6.1</rating>
        <plot>Puts players in the paws of Super-Pets Krypto the Super-Dog and Ace as they take to
            the skies to protect the animal population of Metropolis from a new and looming threat.</plot>
        <url>https://www.imdb.com/title/tt15787818/?ref_=adv_li_tt</url>
    </game>
    <game>
        <id>86</id>
        <name>Ghost Recon: Breakpoint</name>
        <year>2019</year>
        <rating>6.0</rating>
        <plot>You are sent to Auroa for what seems to a be a typical recon mission, but your
            helicopter is shot down. The island has fallen into the wrong hands.</plot>
        <url>https://www.imdb.com/title/tt10309308/?ref_=adv_li_tt</url>
    </game>
    <game>
        <id>87</id>
        <name>Resident Evil 3</name>
        <year>2020</year>
        <rating>7.8</rating>
        <plot>Re-imagining of Resident Evil 3: Nemesis (1999). Jill Valentine escapes the crumbling
            Raccoon City amidst the nightmarish outbreak of the T-virus, a biological weapon
            developed by Umbrella, while being pursued by the unrelenting bioweapon Nemesis.</plot>
        <url>https://www.imdb.com/title/tt11419114/?ref_=adv_li_tt</url>
    </game>
    <game>
        <id>88</id>
        <name>Shadow of the Tomb Raider</name>
        <year>2018</year>
        <rating>8.0</rating>
        <plot>As Lara Croft races to save the world from a Mayan apocalypse, she must become the
            Tomb Raider she is destined to be.</plot>
        <url>https://www.imdb.com/title/tt8339682/?ref_=adv_li_tt</url>
    </game>
    <game>
        <id>89</id>
        <name>Ratchet &amp; Clank: Rift Apart</name>
        <year>2021</year>
        <rating>8.9</rating>
        <plot>They&apos;ve travelled through space. They&apos;ve travelled through time. Now,
            they&apos;ll have to travel through dimensions as their galaxy seems to rip itself
            apart. Ratchet and Clank must save the universe - again.</plot>
        <url>https://www.imdb.com/title/tt12497014/?ref_=adv_li_tt</url>
    </game>
    <game>
        <id>90</id>
        <name>Wolfenstein: The New Order</name>
        <year>2014</year>
        <rating>8.3</rating>
        <plot>After regaining consciousness following an injury sustained in World War II, legendary
            American commando, B.J. Blazkowicz, awakens from a coma in a dystopian Nazi dominated
            world of 1960s. He tries to locate the remnants of the resistance.</plot>
        <url>https://www.imdb.com/title/tt3382518/?ref_=adv_li_tt</url>
    </game>
    <game>
        <id>91</id>
        <name>Persona 5</name>
        <year>2016</year>
        <rating>9.3</rating>
        <plot>A group of high school students create a vigilante group to expose the crimes of
            corrupt adults but soon find themselves in the midst of a worldwide conspiracy and
            targeted by powerful individuals who would do anything to silence them.</plot>
        <url>https://www.imdb.com/title/tt3944082/?ref_=adv_li_tt</url>
    </game>
    <game>
        <id>92</id>
        <name>Assassin&apos;s Creed: Unity</name>
        <year>2014</year>
        <rating>7.1</rating>
        <plot>Paris, 1789. You play as Arno Victor-Dorian, an assassin during the French Revolution.
            As the nation tears itself apart, Arno will expose the true powers behind the
            Revolution.</plot>
        <url>https://www.imdb.com/title/tt3947868/?ref_=adv_li_tt</url>
    </game>
    <game>
        <id>93</id>
        <name>Watch Dogs: Legion</name>
        <year>2020</year>
        <rating>6.6</rating>
        <plot>In the near future London is facing its downfall - unless you do something about it.
            Build a resistance and fight the opportunists who have seized power. But sit down and
            have a cup of tea first. After all, you&apos;re not a bloody monster.</plot>
        <url>https://www.imdb.com/title/tt10468754/?ref_=adv_li_tt</url>
    </game>
    <game>
        <id>94</id>
        <name>Call of Duty: Black Ops III</name>
        <year>2015</year>
        <rating>6.9</rating>
        <plot>The third installment of the Call of Duty: Black Ops franchise brings the player to a
            dark twisted future with a built-up war storyline.</plot>
        <url>https://www.imdb.com/title/tt4844106/?ref_=adv_li_tt</url>
    </game>
    <game>
        <id>95</id>
        <name>Wolfenstein II: The New Colossus</name>
        <year>2017</year>
        <rating>7.9</rating>
        <plot>In 1961, BJ Blazkowicz and his ragtag team of allies arrive in Nazi-controlled America
            on a mission to recruit the boldest resistance leaders left and restart the American
            Revolution.</plot>
        <url>https://www.imdb.com/title/tt7006358/?ref_=adv_li_tt</url>
    </game>
    <game>
        <id>96</id>
        <name>Super Smash Bros. Ultimate</name>
        <year>2018</year>
        <rating>8.9</rating>
        <plot>Super Smash Bros. Ultimate for the Nintendo Switch brings back every fighter in the
            history of the series, adds newcomers and over 100 stages, and introduces a new
            adventure mode called &quot;World of Light&apos;&apos;.</plot>
        <url>https://www.imdb.com/title/tt5370130/?ref_=adv_li_tt</url>
    </game>
    <game>
        <id>97</id>
        <name>Call of Duty: Infinite Warfare</name>
        <year>2016</year>
        <rating>6.3</rating>
        <plot>Infinite Warfare returns to the roots of the franchise where large-scale war and
            cinematic, immersive military storytelling take center stage.</plot>
        <url>https://www.imdb.com/title/tt5686128/?ref_=adv_li_tt</url>
    </game>
    <game>
        <id>98</id>
        <name>Mad Max</name>
        <year>2015</year>
        <rating>7.9</rating>
        <plot>Max Rockatansky, a former highway patrol officer known across the post apocalyptic
            wasteland of Australia as Mad Max, has his V8 Interceptor stolen by Immortan Joe&apos;s
            warlord son, Scrotus. Max goes on a bloody crusade to take it back.</plot>
        <url>https://www.imdb.com/title/tt3391032/?ref_=adv_li_tt</url>
    </game>
    <game>
        <id>99</id>
        <name>Metro Exodus</name>
        <year>2019</year>
        <rating>8.1</rating>
        <plot>26-year-old Artyom, flees the Metro in Moscow and sets off on a journey through the
            harsh nuclear winter in Russia.</plot>
        <url>https://www.imdb.com/title/tt7447318/?ref_=adv_li_tt</url>
    </game>
    <game>
        <id>100</id>
        <name>Xenoblade Chronicles 2</name>
        <year>2017</year>
        <rating>8.3</rating>
        <plot>In a world laden with an endless sea of clouds and titans, Rex, an ambitious salvager,
            embarks on an adventure with the help of his friends in search of the mythical paradise,
            Elysium.</plot>
        <url>https://www.imdb.com/title/tt7023950/?ref_=adv_li_tt</url>
    </game>
    <game>
        <id>101</id>
        <name>Doom Eternal</name>
        <year>2020</year>
        <rating>8.6</rating>
        <plot>In this sequel to Doom (2016), Hell has taken Earth, so it&apos;s up to the Doom
            Slayer, the ultimate demon-killing machine created by a mystical force, to rip and tear
            the forces of Hell apart. However, Hell is not alone in this fight.</plot>
        <url>https://www.imdb.com/title/tt8550890/?ref_=adv_li_tt</url>
    </game>
    <game>
        <id>102</id>
        <name>Lego DC Super-Villains</name>
        <year>2018</year>
        <rating>7.9</rating>
        <plot>Supervillains from the DC Universe start a battle against a group of superheroes from
            another universe.</plot>
        <url>https://www.imdb.com/title/tt8575060/?ref_=adv_li_tt</url>
    </game>
    <game>
        <id>103</id>
        <name>NieR: Automata</name>
        <year>2017</year>
        <rating>8.8</rating>
        <plot>In the forsaken wasteland below, the war between the machines and the androids rages
            on. A war that is soon to unveil the long-forgotten truth of this world.</plot>
        <url>https://www.imdb.com/title/tt5238626/?ref_=adv_li_tt</url>
    </game>
    <game>
        <id>104</id>
        <name>Call of Duty: Advanced Warfare</name>
        <year>2014</year>
        <rating>7.3</rating>
        <plot>Set in the year 2054, a private military corporation (PMC) has emerged with the power
            to rescue humanity from a devastated world struggling to rebuild after a global attack
            on its military and infrastructure.</plot>
        <url>https://www.imdb.com/title/tt3707110/?ref_=adv_li_tt</url>
    </game>
    <game>
        <id>105</id>
        <name>The Elder Scrolls Online</name>
        <year>2014</year>
        <rating>7.4</rating>
        <plot>The Ruby Throne lies empty. In the wake of this, unlikely and fragile alliances are
            made between races as they fight to control the throne. In the midst of this a much more
            dangerous threat emerges that threatens to engulf all of Tamriel.</plot>
        <url>https://www.imdb.com/title/tt3485722/?ref_=adv_li_tt</url>
    </game>
    <game>
        <id>106</id>
        <name>Final Fantasy XV</name>
        <year>2016</year>
        <rating>8.0</rating>
        <plot>After leaving his home city of Insomnia, young prince Noctis embarks on a journey with
            his closest friends to reclaim his throne.</plot>
        <url>https://www.imdb.com/title/tt0960140/?ref_=adv_li_tt</url>
    </game>
    <game>
        <id>107</id>
        <name>Five Nights at Freddy&apos;s: Security Breach</name>
        <year>2021</year>
        <rating>6.8</rating>
        <plot>Play as Gregory, a young boy who&apos;s been trapped overnight inside of Freddy
            Fazbear&apos;s Mega Pizzaplex. With the help of Freddy himself, Gregory must uncover the
            secrets of the Pizzaplex, learn the truth, and survive until dawn.</plot>
        <url>https://www.imdb.com/title/tt13160360/?ref_=adv_li_tt</url>
    </game>
    <game>
        <id>108</id>
        <name>Hellblade: Senua&apos;s Sacrifice</name>
        <year>2017</year>
        <rating>8.7</rating>
        <plot>Set in the age of Vikings, a broken Celtic warrior named Senua embarks on a haunting
            vision quest into Viking Hell to fight for the soul of her dead lover.</plot>
        <url>https://www.imdb.com/title/tt4674622/?ref_=adv_li_tt</url>
    </game>
    <game>
        <id>109</id>
        <name>Fallout 76</name>
        <year>2018</year>
        <rating>4.0</rating>
        <plot>Twenty-five years after the bombs fall, you and your fellow Vault Dwellers - chosen
            from the nation&apos;s best and brightest - emerge into post-nuclear America.</plot>
        <url>https://www.imdb.com/title/tt8495446/?ref_=adv_li_tt</url>
    </game>
    <game>
        <id>110</id>
        <name>Dishonored 2</name>
        <year>2016</year>
        <rating>8.4</rating>
        <plot>Fifteen years after the events of the first game, Emily Kaldwin is dethroned by an
            otherworldly conspirator forcing herself, or her father, Corvo (not canon) to go on a
            journey to clear her name and reinstate her rightful title as Empress.</plot>
        <url>https://www.imdb.com/title/tt5724316/?ref_=adv_li_tt</url>
    </game>
    <game>
        <id>111</id>
        <name>Persona 5 Royal</name>
        <year>2019</year>
        <rating>9.6</rating>
        <plot>A group of high school students create a vigilante group to expose the crimes of
            corrupt adults but soon find themselves in the midst of a worldwide conspiracy and
            targeted by powerful individuals who would do anything to silence them.</plot>
        <url>https://www.imdb.com/title/tt10468596/?ref_=adv_li_tt</url>
    </game>
    <game>
        <id>112</id>
        <name>The Evil Within</name>
        <year>2014</year>
        <rating>7.8</rating>
        <plot>While investigating the scene of a cruel murder, detective Sebastian Castellanos is
            knocked unconscious by a mysterious and powerful force. When he awakens, he finds
            himself in a deranged world.</plot>
        <url>https://www.imdb.com/title/tt2960790/?ref_=adv_li_tt</url>
    </game>
    <game>
        <id>113</id>
        <name>The Matrix Awakens: An Unreal Engine 5 Experience</name>
        <year>2021</year>
        <rating>7.9</rating>
        <plot>THE MATRIX AWAKENS: AN UNREAL ENGINE 5 EXPERIENCE&apos; is a free, cutting-edge
            cinematic and open world interactive tech demo that combines the power of PlayStation®5
            with UE5. An original ... See full summary »</plot>
        <url>https://www.imdb.com/title/tt16385248/?ref_=adv_li_tt</url>
    </game>
    <game>
        <id>114</id>
        <name>Demon Slayer: The Hinokami Chronicles</name>
        <year>2021</year>
        <rating>8.7</rating>
        <plot>In Solo Mode, follow Tanjiro through the story from the &quot;Demon Slayer: Kimetsu no
            Yaiba&quot; anime as he face demons in order to turn his sister Nezuko, who has become a
            demon, back into a human.</plot>
        <url>https://www.imdb.com/title/tt11996540/?ref_=adv_li_tt</url>
    </game>
    <game>
        <id>115</id>
        <name>Hades</name>
        <year>2018</year>
        <rating>8.9</rating>
        <plot>Hades is a rogue-like dungeon crawler from the creators of Bastion and Transistor, in
            which you defy the god of death as you hack and slash your way out of the Underworld of
            Greek myth.</plot>
        <url>https://www.imdb.com/title/tt9459718/?ref_=adv_li_tt</url>
    </game>
    <game>
        <id>116</id>
        <name>inFamous: Second Son</name>
        <year>2014</year>
        <rating>8.0</rating>
        <plot>Delsin Rowe, a rebellious youngster in Seattle becomes aware of his incredible powers
            after a confrontation with an escaped inmate. But when his abilities come under the
            attention of the D.U.P., he is faced to battle them.</plot>
        <url>https://www.imdb.com/title/tt2722728/?ref_=adv_li_tt</url>
    </game>
    <game>
        <id>117</id>
        <name>Assassin&apos;s Creed: Syndicate</name>
        <year>2015</year>
        <rating>7.9</rating>
        <plot>Set during the industrial revolution, play as twin assassins Jacob and Evie Frye who
            fight those who gain from the less privileged.</plot>
        <url>https://www.imdb.com/title/tt4332798/?ref_=adv_li_tt</url>
    </game>
    <game>
        <id>118</id>
        <name>Valorant</name>
        <year>2020</year>
        <rating>6.6</rating>
        <plot>A 5v5 hero shooter game that contains avatars with mythical powers, each with a
            different power.</plot>
        <url>https://www.imdb.com/title/tt12104902/?ref_=adv_li_tt</url>
    </game>
    <game>
        <id>119</id>
        <name>Hitman</name>
        <year>2016</year>
        <rating>8.1</rating>
        <plot>When Agent 47 joins the ICA to hunt down threats to mankind, he is also pulled into a
            game of Cat and Mouse against a mysterious organization that is determined to stop him.
            All the while he is being stalked by someone from his past.</plot>
        <url>https://www.imdb.com/title/tt2995858/?ref_=adv_li_tt</url>
    </game>
    <game>
        <id>120</id>
        <name>World of Warcraft: Battle for Azeroth</name>
        <year>2018</year>
        <rating>7.2</rating>
        <plot>A new conflict erupts between the Alliance and the Horde causing Teldrassil to be
            burnt down by the Horde and the Forsaken capital of the Undercity to be controlled by
            the alliance.</plot>
        <url>https://www.imdb.com/title/tt8630174/?ref_=adv_li_tt</url>
    </game>
    <game>
        <id>121</id>
        <name>Dark Souls III</name>
        <year>2016</year>
        <rating>9.1</rating>
        <plot>The fire is fading. Darkness creeps across the land. The Lords of Cinder charged with
            watching over the First Flame have abandoned their thrones. The Champion of Ash, an
            undead is chosen to return them to their thrones.</plot>
        <url>https://www.imdb.com/title/tt4795016/?ref_=adv_li_tt</url>
    </game>
    <game>
        <id>122</id>
        <name>Middle-Earth: Shadow of Mordor</name>
        <year>2014</year>
        <rating>8.2</rating>
        <plot>The family of Talion, a ranger of Gondor responsible for guarding the Black Gate of
            Mordor, is killed by Saurons armies, but Talion is revived with wraith-like abilities
            and heads into Mordor to exact his revenge.</plot>
        <url>https://www.imdb.com/title/tt3330488/?ref_=adv_li_tt</url>
    </game>
    <game>
        <id>123</id>
        <name>Batman: The Telltale Series</name>
        <year>2016</year>
        <rating>8.0</rating>
        <plot>Follows Bruce Wayne as he tries to juggle being the Billionaire and owner of Wayne
            Enterprises, with the masked vigilante Batman.</plot>
        <url>https://www.imdb.com/title/tt5785964/?ref_=adv_li_tt</url>
    </game>
    <game>
        <id>124</id>
        <name>Tales of Arise</name>
        <year>2021</year>
        <rating>8.3</rating>
        <plot>Rena&apos;s superior technological and magical advancement cause it to hold power over
            Dahna, taking its resources and treating its people as slaves.</plot>
        <url>https://www.imdb.com/title/tt11061762/?ref_=adv_li_tt</url>
    </game>
    <game>
        <id>125</id>
        <name>The Amazing Spider-Man 2</name>
        <year>2014</year>
        <rating>5.7</rating>
        <plot>Spiderman faces new threats to the city of New York.</plot>
        <url>https://www.imdb.com/title/tt3262076/?ref_=adv_li_tt</url>
    </game>
    <game>
        <id>126</id>
        <name>Psychonauts 2</name>
        <year>2021</year>
        <rating>8.8</rating>
        <plot>The game will pick up after the conclusion of Psychonauts in the Rhombus of Ruin,
            following Zanotto&apos;s rescue, the team returns to Psychonaut Headquarters, where Raz
            discovers that the ... See full summary »</plot>
        <url>https://www.imdb.com/title/tt5337160/?ref_=adv_li_tt</url>
    </game>
    <game>
        <id>127</id>
        <name>Hollow Knight</name>
        <year>2017</year>
        <rating>8.8</rating>
        <plot>This is the story of a knight, in a quest to uncover the secrets of the long-abandoned
            kingdom of the Hallownest insects, whose depths attract the adventurous and brave with
            the promise of treasure or the answer to ancient mysteries.</plot>
        <url>https://www.imdb.com/title/tt7791150/?ref_=adv_li_tt</url>
    </game>
    <game>
        <id>128</id>
        <name>Gears 5</name>
        <year>2019</year>
        <rating>7.8</rating>
        <plot>As Kait you must journey across the biggest, most beautiful Gears world to uncover the
            origins of the Locust, and fight with your squad to protect what&apos;s left.</plot>
        <url>https://www.imdb.com/title/tt8801880/?ref_=adv_li_tt</url>
    </game>
    <game>
        <id>129</id>
        <name>Far Cry Primal</name>
        <year>2016</year>
        <rating>7.4</rating>
        <plot>Set during the Stone Age, Far Cry Primal follows Takkar, who rises from an unarmed
            hunter to the leader of his tribe.</plot>
        <url>https://www.imdb.com/title/tt5114332/?ref_=adv_li_tt</url>
    </game>
    <game>
        <id>130</id>
        <name>Assassin&apos;s Creed: Rogue</name>
        <year>2014</year>
        <rating>7.7</rating>
        <plot>Bridging the gap between Assassin&apos;s Creed IV and III, as tragedy and failure
            force Shay Cormac to question his own Creed. The Assassin turns Templar and embarks on a
            quest of vengeance and personal revelation, during the Seven Years&apos; War.</plot>
        <url>https://www.imdb.com/title/tt4117250/?ref_=adv_li_tt</url>
    </game>
    <game>
        <id>131</id>
        <name>Hitman 2</name>
        <year>2018</year>
        <rating>8.2</rating>
        <plot>Agent 47 embarks on a stealth mission to track down the elusive Shadow Client while
            learning the truth about his past. The spy thriller takes the assassin across
            international locations, from vibrant Miami to dangerous rainforests.</plot>
        <url>https://www.imdb.com/title/tt8525684/?ref_=adv_li_tt</url>
    </game>
    <game>
        <id>132</id>
        <name>Call of Duty: Black Ops 4</name>
        <year>2018</year>
        <rating>5.5</rating>
        <plot>Call of Duty: Black Ops 4 is the first entry in the first-person shooter series to
            contain only a multiplayer mode, and a new battle royale mode called Blackout.</plot>
        <url>https://www.imdb.com/title/tt8295516/?ref_=adv_li_tt</url>
    </game>
    <game>
        <id>133</id>
        <name>Cuphead: The Delicious Last Course</name>
        <year>2022</year>
        <rating>8.9</rating>
        <plot>The two brothers, Cuphead and Mugman are joined by Ms. Chalice for a DLC add-on
            adventure on a brand new island. Are you ready to take on a new cast of multi-faceted,
            screen-filling bosses to assist Chef Saltbaker in Cuphead&apos;s final challenging
            quest?</plot>
        <url>https://www.imdb.com/title/tt14876256/?ref_=adv_li_tt</url>
    </game>
    <game>
        <id>134</id>
        <name>Quantum Break</name>
        <year>2016</year>
        <rating>7.7</rating>
        <plot>Jack Joyce attempts to stabilize time before it breaks completely, after he gains the
            ability to manipulate time locally when an experiment goes awry.</plot>
        <url>https://www.imdb.com/title/tt3391046/?ref_=adv_li_tt</url>
    </game>
    <game>
        <id>135</id>
        <name>Dead or Alive Xtreme 3</name>
        <year>2016</year>
        <rating>6.5</rating>
        <plot>The latest entry in the Dead or Alive Xtreme series, it features new and simple game
            systems, uses high-end 3D models, and has high-quality graphics by way of the new Soft
            Engine.</plot>
        <url>https://www.imdb.com/title/tt5541120/?ref_=adv_li_tt</url>
    </game>
    <game>
        <id>136</id>
        <name>Halo 5: Guardians</name>
        <year>2015</year>
        <rating>7.1</rating>
        <plot>Peace is shattered when colony worlds are unexpectedly attacked. And when
            humanity&apos;s greatest hero goes missing, Spartan Jameson Locke is tasked with hunting
            the Master Chief and solving a mystery that threatens the entire galaxy.</plot>
        <url>https://www.imdb.com/title/tt3467114/?ref_=adv_li_tt</url>
    </game>
    <game>
        <id>137</id>
        <name>The Outer Worlds</name>
        <year>2019</year>
        <rating>8.0</rating>
        <plot>Lost in transit while on a colonist ship bound for the furthest edge of the galaxy,
            you awake decades later only to find yourself in the midst of a deep conspiracy
            threatening to destroy the Halcyon colony.</plot>
        <url>https://www.imdb.com/title/tt9417446/?ref_=adv_li_tt</url>
    </game>
    <game>
        <id>138</id>
        <name>South Park: The Stick of Truth</name>
        <year>2014</year>
        <rating>8.9</rating>
        <plot>As the New Kid, discover the lost Stick of Truth, and earn your place at the side of
            Stan, Kyle, Cartman and Kenny as their new friend.</plot>
        <url>https://www.imdb.com/title/tt2133326/?ref_=adv_li_tt</url>
    </game>
    <game>
        <id>139</id>
        <name>Final Fantasy XIV: Endwalker</name>
        <year>2021</year>
        <rating>8.6</rating>
        <plot>The Warrior of Light and Scions of the Seventh Dawn return from the First to their
            home on the Source, only to be faced with their most dangerous threat yet: a second
            coming of the Final Days that threatens to tear their world apart.</plot>
        <url>https://www.imdb.com/title/tt13991580/?ref_=adv_li_tt</url>
    </game>
    <game>
        <id>140</id>
        <name>South Park: The Fractured but Whole</name>
        <year>2017</year>
        <rating>8.4</rating>
        <plot>Delve into the crime-ridden underbelly of South Park as the New Kid, to battle the
            forces of evil while Coon strives to make his team the most beloved superheroes in
            history.</plot>
        <url>https://www.imdb.com/title/tt4782144/?ref_=adv_li_tt</url>
    </game>
    <game>
        <id>141</id>
        <name>Mortal Kombat X</name>
        <year>2015</year>
        <rating>8.3</rating>
        <plot>Two years after the death of Shao Khan, the heroes of Earthrealm must face their
            fallen comrades and prevent Shinnok from corrupting the Jinsei, the source of
            Earthrealm&apos;s life-force.</plot>
        <url>https://www.imdb.com/title/tt3772796/?ref_=adv_li_tt</url>
    </game>
    <game>
        <id>142</id>
        <name>LEGO The Incredibles</name>
        <year>2018</year>
        <rating>7.3</rating>
        <plot>A new game where players take control of their favorite Incredibles characters in
            scenes and action sequences from both movies in the franchise.</plot>
        <url>https://www.imdb.com/title/tt8205060/?ref_=adv_li_tt</url>
    </game>
    <game>
        <id>143</id>
        <name>Rainbow Six: Siege</name>
        <year>2015</year>
        <rating>7.8</rating>
        <plot>A team of soldiers and militarists are recruited into an elite counter terrorism unit.
            Their objective is to fight terrorism across the globe. A threat has emerged that
            targets the Western world and its interests around the world.</plot>
        <url>https://www.imdb.com/title/tt4779020/?ref_=adv_li_tt</url>
    </game>
    <game>
        <id>144</id>
        <name>The Evil Within 2</name>
        <year>2017</year>
        <rating>8.3</rating>
        <plot>Three years after the events at Beacon Mental Hospital, Sebastian Castellanos has left
            the Krimson City Police Department, but the mysterious organization MOBIUS gives him a
            chance to save his own thought-dead daughter.</plot>
        <url>https://www.imdb.com/title/tt7025912/?ref_=adv_li_tt</url>
    </game>
    <game>
        <id>145</id>
        <name>Back to the Future: The Game - 30th Anniversary Edition</name>
        <year>2015</year>
        <rating>8.0</rating>
        <plot>Point and click adventure that follows Marty into time traveling mischief in 1931.</plot>
        <url>https://www.imdb.com/title/tt4961498/?ref_=adv_li_tt</url>
    </game>
    <game>
        <id>146</id>
        <name>The Witcher 3: Wild Hunt - Blood and Wine</name>
        <year>2016</year>
        <rating>9.7</rating>
        <plot>Geralt is in the southern province of Toussaint where a monstrous serial killer is
            targeting knights with a dark past. Geralt and his old vampire friend investigate the
            killer&apos;s motives.</plot>
        <url>https://www.imdb.com/title/tt5667286/?ref_=adv_li_tt</url>
    </game>
    <game>
        <id>147</id>
        <name>Returnal</name>
        <year>2021</year>
        <rating>8.2</rating>
        <plot>Roguelike about an astronaut trying to reach the source of a strange signal on a
            surreal forbidden planet where each time she gets killed by the hostile aliens
            she&apos;s sent back to the moment she arrived on the alien world.</plot>
        <url>https://www.imdb.com/title/tt12496966/?ref_=adv_li_tt</url>
    </game>
    <game>
        <id>148</id>
        <name>Battlefield 1</name>
        <year>2016</year>
        <rating>8.1</rating>
        <plot>Fight your way through battles going from urban combat in a besieged French city to
            open spaces in the Italian Alps or frantic combats in the Arabic sand dunes. Experience
            large-scale battles as infantry or piloting vehicles on land, air and sea, from the
            tanks and bikes on the ground, to bi-planes and gigantic battleships.</plot>
        <url>https://www.imdb.com/title/tt5702630/?ref_=adv_li_tt</url>
    </game>
    <game>
        <id>149</id>
        <name>Maneater</name>
        <year>2020</year>
        <rating>6.9</rating>
        <plot>Experience the ultimate power fantasy as the apex predator of the seas - a giant
            Shark! Terrorize the coastal waterways. Tear swimmers and divers limb from limb, give
            the humans a reason to fear you!</plot>
        <url>https://www.imdb.com/title/tt11941170/?ref_=adv_li_tt</url>
    </game>
</games>