<allMail>
    <mail>
        <title>Ethics in AI Research</title>
        <sender>laza@mail.com</sender>
        <receiver>pera@mail.com</receiver>
        <time>2024-07-22, 20:15</time>
        <content>Dear Pera, your research on ethics in AI is quite thought-provoking. Let's have a detailed discussion on it.</content>
    </mail>
    <mail>
        <title>Feedback on Psychoanalysis Paper</title>
        <sender>mika@mail.com</sender>
        <receiver>pera@mail.com</receiver>
        <time>2024-07-22, 19:00</time>
        <content>Hi Pera, I have reviewed your psychoanalysis paper. Let's discuss my feedback at your convenience.</content>
    </mail>
    <mail>
        <title>Discussion on Consciousness</title>
        <sender>laza@mail.com</sender>
        <receiver>pera@mail.com</receiver>
        <time>2024-07-22, 17:45</time>
        <content>Dear Pera, I have some ideas to share about consciousness. Can we schedule a meeting this week?</content>
    </mail>
    <mail>
        <title>Behavioral Psychology Insights</title>
        <sender>mika@mail.com</sender>
        <receiver>pera@mail.com</receiver>
        <time>2024-07-22, 16:30</time>
        <content>Hi Pera, your insights on behavioral psychology are quite profound. Looking forward to our discussion on this.</content>
    </mail>
    <mail>
        <title>Analytical Philosophy Draft</title>
        <sender>laza@mail.com</sender>
        <receiver>pera@mail.com</receiver>
        <time>2024-07-22, 15:15</time>
        <content>Dear Pera, I have gone through your draft on analytical philosophy. Let's meet to discuss the next steps.</content>
    </mail>
    <mail>
        <title>Research on Mindfulness</title>
        <sender>mika@mail.com</sender>
        <receiver>pera@mail.com</receiver>
        <time>2024-07-22, 14:00</time>
        <content>Hi Pera, I have some thoughts on your mindfulness research paper. Can we discuss this tomorrow?</content>
    </mail>
    <mail>
        <title>Existentialist Perspectives</title>
        <sender>laza@mail.com</sender>
        <receiver>pera@mail.com</receiver>
        <time>2024-07-22, 12:45</time>
        <content>Dear Pera, I'm interested in your work on existentialist perspectives. Let's arrange a time to go over it.</content>
    </mail>
    <mail>
        <title>Social Psychology Findings</title>
        <sender>mika@mail.com</sender>
        <receiver>pera@mail.com</receiver>
        <time>2024-07-22, 11:30</time>
        <content>Hi Pera, your findings on social psychology are intriguing. Let's set up a meeting to discuss further.</content>
    </mail>
    <mail>
        <title>Philosophical Implications of Free Will</title>
        <sender>laza@mail.com</sender>
        <receiver>pera@mail.com</receiver>
        <time>2024-07-22, 10:15</time>
        <content>Dear Pera, I have some suggestions for your paper on free will. Can we discuss them this week?</content>
    </mail>
    <mail>
        <title>Review on Cognitive Behavior Research</title>
        <sender>mika@mail.com</sender>
        <receiver>pera@mail.com</receiver>
        <time>2024-07-22, 09:00</time>
        <content>Hi Pera, I have reviewed your cognitive behavior research paper. Please find my comments in the attached document.</content>
    </mail>
    <mail>
        <title>Ethics in AI Research</title>
        <sender>pera@mail.com</sender>
        <receiver>laza@mail.com</receiver>
        <time>2024-07-21, 20:15</time>
        <content>Dear Laza, I am examining ethical considerations in AI. Let's discuss the initial findings of my research paper.</content>
    </mail>
    <mail>
        <title>Feedback on Psychoanalysis Paper</title>
        <sender>pera@mail.com</sender>
        <receiver>mika@mail.com</receiver>
        <time>2024-07-21, 19:00</time>
        <content>Hi Mika, I've completed a paper on modern psychoanalysis. Could you please review and give me your feedback?</content>
    </mail>
    <mail>
        <title>Discussion on Consciousness</title>
        <sender>pera@mail.com</sender>
        <receiver>laza@mail.com</receiver>
        <time>2024-07-21, 17:45</time>
        <content>Dear Laza, let's discuss my recent findings on consciousness at your earliest convenience. Looking forward to it.</content>
    </mail>
    <mail>
        <title>Behavioral Psychology Insights</title>
        <sender>pera@mail.com</sender>
        <receiver>mika@mail.com</receiver>
        <time>2024-07-21, 16:30</time>
        <content>Hi Mika, I'm looking into some new insights in behavioral psychology. Would love to hear your opinion on this.</content>
    </mail>
    <mail>
        <title>Analytical Philosophy Draft</title>
        <sender>pera@mail.com</sender>
        <receiver>laza@mail.com</receiver>
        <time>2024-07-21, 15:15</time>
        <content>Dear Laza, can you review my draft on analytical philosophy? Your insights would be invaluable.</content>
    </mail>
    <mail>
        <title>Research on Mindfulness</title>
        <sender>pera@mail.com</sender>
        <receiver>mika@mail.com</receiver>
        <time>2024-07-21, 14:00</time>
        <content>Hi Mika, I've written a draft on the effects of mindfulness in modern therapy. Could you provide some feedback?</content>
    </mail>
    <mail>
        <title>Existentialist Perspectives</title>
        <sender>pera@mail.com</sender>
        <receiver>laza@mail.com</receiver>
        <time>2024-07-21, 12:45</time>
        <content>Dear Laza, I'm exploring existentialist perspectives in my latest paper. Would you be available for a discussion?</content>
    </mail>
    <mail>
        <title>Social Psychology Findings</title>
        <sender>pera@mail.com</sender>
        <receiver>mika@mail.com</receiver>
        <time>2024-07-21, 11:30</time>
        <content>Hi Mika, I've compiled some findings on social psychology. Please take a look and let me know your thoughts.</content>
    </mail>
    <mail>
        <title>Philosophical Implications of Free Will</title>
        <sender>pera@mail.com</sender>
        <receiver>laza@mail.com</receiver>
        <time>2024-07-21, 10:15</time>
        <content>Dear Laza, I'm working on a paper about the philosophical implications of free will. Can we discuss some key points?</content>
    </mail>
    <mail>
        <title>Review on Cognitive Behavior Research</title>
        <sender>pera@mail.com</sender>
        <receiver>mika@mail.com</receiver>
        <time>2024-07-21, 09:00</time>
        <content>Hi Mika, could you please review my latest research on cognitive behavior therapy? I'd appreciate your feedback on the methodology.</content>
    </mail>
</allMail>
